METHOD,SERVICE,SUBAREA,P,SOLUTION,STATUS,REL_GAP,FINAL_TIME,BEST_BOUND_EXACT,GAP_REAL
exact,mat,null,26,66533868.7510978,Feasible,0.232226712396707,3600,#NOM ?,
exact,mat,null,30,59292457.8506364,Feasible,0.246552227574541,3600,#NOM ?,
exact,mat,null,33,55348244.5872097,Feasible,0.218831504701327,3600,#NOM ?,
exact,mat,null,37,46913712.3006579,Feasible,0.196640844443115,3600,#NOM ?,
exact,mat,null,41,45320308.3088583,Feasible,0.166920974884965,3600,#NOM ?,
exact,mat,null,44,44294537.8402088,Feasible,0.188543505851192,3600,#NOM ?,
exact,mat,null,48,46148602.1309926,Feasible,0.330869692630845,3600,#NOM ?,
exact,mat,arrond,26,100079245.457949,Feasible,0.375992373648471,3604.09332609177,,
exact,mat,arrond,30,65204576.9814978,Feasible,0.220238098743729,3600.95639491081,,
exact,mat,arrond,33,76402056.2001145,Feasible,0.418154800642326,3602.87897109985,,
exact,mat,arrond,37,54004312.05475,Feasible,0.246919693523381,3601.32465219498,,
exact,mat,arrond,41,50147457.6355531,Feasible,0.233225456348642,3601.82494688034,,
exact,mat,arrond,44,51250266.2902146,Feasible,0.310868357937766,3601.22720003128,,
exact,mat,arrond,48,41906963.7869161,Feasible,0.150212300364598,3635.66897892952,,
exact,mat,EPCI,26,88144060.5632245,Feasible,0.068389236756453,3601.04546689987,,
exact,mat,EPCI,30,84974131.56523,Feasible,0.085963549718901,3601.17340803146,,
exact,mat,EPCI,33,83040625.4607395,Feasible,0.062789112429125,3601.32444000244,,
exact,mat,EPCI,37,83251316.3570088,Feasible,0.071314948721318,3601.13514208794,,
exact,mat,EPCI,41,80870531.8823397,Feasible,0.054569651639522,3601.30671000481,,
exact,mat,EPCI,44,81072123.6623251,Feasible,0.066616588398356,3601.25981807709,,
exact,mat,EPCI,48,78741588.531785,Feasible,0.040341476002991,3600.86223506927,,
exact,mat,canton,26,72092493.6773055,Feasible,0.193472282610447,3601.23401904106,,
exact,mat,canton,30,60700309.0753606,Feasible,0.182073767700196,3601.92906689644,,
exact,mat,canton,33,61038168.4185493,Feasible,0.157017974930369,3602.01390194893,,
exact,mat,canton,37,56633151.6967431,Feasible,0.206025068984053,3601.28112912178,,
exact,mat,canton,41,53236428.5958509,Feasible,0.187206524441891,3600.92717313766,,
exact,mat,canton,44,50325637.4145698,Feasible,0.200051926976772,3602.69794607162,,
exact,mat,canton,48,44976080.6054048,Feasible,0.055202059590393,3601.22659397125,,
exact,mat,commune,26,74843892.0184549,Feasible,0.216986758310793,3604.86081790924,,
exact,mat,commune,30,61230676.387866,Feasible,0.172232335983508,3601.37282705307,,
exact,mat,commune,33,54549040.0359843,Feasible,0.093284212645869,3601.13122606277,,
exact,mat,commune,37,57239424.3480522,Feasible,0.207142877170642,3601.1713540554,,
exact,mat,commune,41,53703101.2591174,Feasible,0.154508911717752,3601.3290719986,,
exact,mat,commune,44,51667629.6550982,Feasible,0.185554562705575,3601.51175999641,,
exact,mat,commune,48,47833867.7227675,Feasible,0.113716237529867,3606.81370997429,,
exact,urgenc,null,42,48386235.0076389,Feasible,0.203447236042855,3600,#NOM ?,
exact,urgenc,null,48,42236734.9036984,Feasible,0.15910663850531,3600,#NOM ?,
exact,urgenc,null,54,39101221.8521855,Feasible,0.088945394706493,3600,#NOM ?,
exact,urgenc,null,60,36043370.8653879,Feasible,0.060146157789543,3600,#NOM ?,
exact,urgenc,null,66,35230513.7711819,Feasible,0.097582269502708,3600,#NOM ?,
exact,urgenc,null,72,36483243.6844486,Feasible,0.193009729326185,3600,#NOM ?,
exact,urgenc,null,78,31235735.3944446,Feasible,0.088845611941457,3600,#NOM ?,
exact,urgenc,arrond,42,47985966.2481538,Feasible,0.127890129742639,3601.10094213486,,
exact,urgenc,arrond,48,42373186.8719277,Feasible,0.091626859773393,3601.588793993,,
exact,urgenc,arrond,54,42083721.7308023,Feasible,0.154540037886171,3601.03248381615,,
exact,urgenc,arrond,60,37842841.9717368,Feasible,0.111251346967367,3602.29445695877,,
exact,urgenc,arrond,66,35129782.0334401,Feasible,0.091052891350194,3601.9063270092,,
exact,urgenc,arrond,72,32273617.25971,Feasible,0.064400503409437,3601.65512299538,,
exact,urgenc,arrond,78,29208563.64297,Feasible,0.009693379422647,3604.67298412323,,
exact,urgenc,EPCI,42,85650629.0847881,Feasible,0.044944262454118,3601.29577589035,,
exact,urgenc,EPCI,48,82694862.4584035,Feasible,0.023749091611622,3601.33786892891,,
exact,urgenc,EPCI,54,69489636.9372295,Feasible,0.01536251422602,3600.73803687096,,
exact,urgenc,EPCI,60,46370984.7637557,Feasible,0.019096021187398,3630.78736114502,,
exact,urgenc,EPCI,66,38053677.9871171,Feasible,0.023328345133642,3601.34721684456,,
exact,urgenc,EPCI,72,34841771.0939928,Feasible,0.040446935671135,3601.58369612694,,
exact,urgenc,EPCI,78,31383602.1675237,Feasible,0.012290967150327,3601.66002511978,,
exact,urgenc,canton,42,52883729.2113818,Feasible,0.072279409044396,3601.21779298782,,
exact,urgenc,canton,48,51849039.3587917,Feasible,0.118696589868364,3601.30622696877,,
exact,urgenc,canton,54,46148980.2298147,Feasible,0.065340434418675,3601.0190680027,,
exact,urgenc,canton,60,46455329.7250076,Feasible,0.108777151157512,3601.35700392723,,
exact,urgenc,canton,66,42503514.6493295,Feasible,0.073851259603211,3601.60121703148,,
exact,urgenc,canton,72,41141420.4384622,Feasible,0.0686493049941,3601.42214894295,,
exact,urgenc,canton,78,38850955.0074973,Feasible,0.046279543892718,3601.34450101852,,
exact,urgenc,commune,42,50690616.9166465,Feasible,0.095468661612338,3600.93593716621,,
exact,urgenc,commune,48,48938777.8880116,Feasible,0.122125036565678,3601.24907684326,,
exact,urgenc,commune,54,52193558.95069,Feasible,0.061143498630888,3601.4454870224,,
exact,urgenc,commune,60,42678214.2567308,Feasible,0.035033932879482,3601.47251987457,,
exact,urgenc,commune,66,43424077.3000456,Feasible,0.094527748344505,3601.30110192299,,
exact,urgenc,commune,72,38953862.0047117,Feasible,0.021085850140198,3605.2382979393,,
exact,urgenc,commune,78,37645866.7672239,Feasible,0.022214784894376,3601.30710291862,,
exact,lycee,null,246,30680243.3094612,Optimal,0.000070655834763,1484.89071893692,#NOM ?,
exact,lycee,null,281,29277741.8435763,Optimal,0.000099466108901,1970.23224306107,#NOM ?,
exact,lycee,null,316,28171352.4040528,Optimal,0.000099156294097,2047.74918794632,#NOM ?,
exact,lycee,null,352,27245758.6943596,Optimal,0.000078825752633,1554.64046311379,#NOM ?,
exact,lycee,null,387,26537297.9696326,Optimal,0.000099280530147,581.536083936691,#NOM ?,
exact,lycee,null,422,25975817.6971537,Optimal,0.00005654528719,495.526785135269,#NOM ?,
exact,lycee,null,457,25517497.0667966,Optimal,0.000098955860636,422.990631103516,#NOM ?,
exact,lycee,arrond,246,30680243.309461,Optimal,0.000095665035586,3226.06862092018,,
exact,lycee,arrond,281,29277679.4400604,Feasible,0.000159668117808,3645.66584086418,,
exact,lycee,arrond,316,28171352.4040524,Optimal,0.000099126974419,1710.82760500908,,
exact,lycee,arrond,352,27245686.0388511,Optimal,0.000096190586049,1063.77086305618,,
exact,lycee,arrond,387,26538484.0765,Optimal,0.000093064878451,472.882191181183,,
exact,lycee,arrond,422,25976211.8152918,Optimal,0.000095985651351,1363.01758289337,,
exact,lycee,arrond,457,25517413.4937753,Optimal,0.000055722419575,443.754831075668,,
exact,lycee,EPCI,246,30705184.6981719,Optimal,0.000098475148724,3213.52181792259,,
exact,lycee,EPCI,281,29281163.1941012,Optimal,0.000099008607791,1260.14965510368,,
exact,lycee,EPCI,316,28171352.4040524,Feasible,0.000179706741322,3655.66114616394,,
exact,lycee,EPCI,352,27245990.6244534,Optimal,0.000099968057884,2411.64364695549,,
exact,lycee,EPCI,387,26537851.8825127,Optimal,0.000086114782555,1574.17994308472,,
exact,lycee,EPCI,422,25975951.6261561,Optimal,0.000096919124145,511.062802791595,,
exact,lycee,EPCI,457,25517464.8869556,Optimal,0.000044514738373,243.495593070984,,
exact,lycee,canton,246,33467150.3949401,Feasible,0.000669017605465,3609.14364790916,,
exact,lycee,canton,281,30953322.8171429,Feasible,0.000330552581672,3691.64909791946,,
exact,lycee,canton,316,29238266.7727463,Optimal,0.000098263189156,1567.74172186852,,
exact,lycee,canton,352,27992883.6083217,Feasible,0.000122276586623,3701.86239004135,,
exact,lycee,canton,387,27054152.5142134,Optimal,0.000095426388068,1831.48957395554,,
exact,lycee,canton,422,26324915.3960528,Optimal,0.000097252169392,1372.07741093636,,
exact,lycee,canton,457,25760378.6752842,Optimal,0.000058196325052,424.768234014511,,
exact,lycee,commune,246,38516683.5558258,Optimal,0.00009748156558,1866.35300707817,,
exact,lycee,commune,281,37498314.3730517,Optimal,0.000046330706234,1967.71673202515,,
exact,lycee,commune,316,36793942.5598041,Optimal,0.000065078610182,1950.4328019619,,
exact,lycee,commune,352,36268788.269037,Optimal,0.000020972823506,1126.59097313881,,
exact,lycee,commune,387,35893908.0991354,Optimal,0.000003923268757,301.992324113846,,
exact,lycee,commune,422,35611382.3154521,Optimal,0.000078803849083,244.598968029022,,
exact,lycee,commune,457,35402160.2728107,Optimal,0.000066545846356,428.07642698288,,
exact,poste,null,476,77581321.2778522,Optimal,0.000028912060481,796.785578966141,#NOM ?,
exact,poste,null,544,76685957.5774072,Optimal,0.000070675095877,376.059423923492,#NOM ?,
exact,poste,null,612,76065859.8505556,Optimal,0.000059123513551,355.195868968964,#NOM ?,
exact,poste,null,681,75663280.8816587,Optimal,0.000089003257955,208.929743051529,#NOM ?,
exact,poste,null,749,75389788.5022951,Optimal,0.00002727351507,198.435050010681,#NOM ?,
exact,poste,null,817,75220375.6383182,Optimal,0.000018279605117,318.050889968872,#NOM ?,
exact,poste,null,855,75121571.9449422,Optimal,0.000012373027525,150.786092996597,#NOM ?,
exact,poste,arrond,476,77581747.7348204,Optimal,0.000034969874434,407.981611013413,,
exact,poste,arrond,544,76686229.6814201,Optimal,0.000066947496677,944.596181869507,,
exact,poste,arrond,612,76066616.166418,Optimal,0.000078815479421,381.73238992691,,
exact,poste,arrond,681,75658244.6615212,Optimal,0.000022101898496,216.814470052719,,
exact,poste,arrond,749,75389646.1420868,Optimal,0.000024762799011,369.314305067062,,
exact,poste,arrond,817,75220416.4969325,Optimal,0.000018724783228,307.800952196121,,
exact,poste,arrond,855,75123803.5647234,Optimal,0.000056737233331,261.434437036514,,
exact,poste,EPCI,476,77581790.8841261,Optimal,0.000032591182798,1189.22522091866,,
exact,poste,EPCI,544,76686006.3191195,Optimal,0.000074369553214,876.822879076004,,
exact,poste,EPCI,612,76068793.0619032,Optimal,0.000095665582281,227.970700025558,,
exact,poste,EPCI,681,75658566.6196483,Optimal,0.000035841831036,427.262016057968,,
exact,poste,EPCI,749,75389650.7311566,Optimal,0.000025805997504,372.733832836151,,
exact,poste,EPCI,817,75220394.4765755,Optimal,0.000018442607678,335.495176076889,,
exact,poste,EPCI,855,75121589.4254389,Optimal,0.00001392869152,162.673454046249,,
exact,poste,canton,476,77938978.4873144,Optimal,0.000099924216443,1019.51850199699,,
exact,poste,canton,544,76895282.1435902,Optimal,0.000066076162101,483.800139188767,,
exact,poste,canton,612,76192339.3661123,Optimal,0.000080505809242,651.090406179428,,
exact,poste,canton,681,75733308.8219822,Optimal,0.000052477587645,361.121519088745,,
exact,poste,canton,749,75443619.451308,Optimal,0.000081878530135,466.786623954773,,
exact,poste,canton,817,75251167.6497482,Optimal,0.000046560150419,329.916229963303,,
exact,poste,canton,855,75142361.0549724,Optimal,0.00008897829427,232.15089392662,,
exact,poste,commune,476,86473385.3273763,Optimal,0.000062751586914,302.699756860733,,
exact,poste,commune,544,86178481.9823049,Optimal,0.000074017457742,540.912003040314,,
exact,poste,commune,612,86049525.6512271,Optimal,0.000071913057617,548.710281848908,,
exact,poste,commune,681,86001195.6342123,Optimal,0.000083413136956,286.985687971115,,
exact,poste,commune,749,85998737.942213,Optimal,0.000086444439434,245.19341802597,,
exact,poste,commune,817,85997800.5173652,Optimal,0.000088979940861,121.258062124252,,
exact,poste,commune,855,85996762.6710678,Optimal,0.000084726273541,269.364069223404,,
rssv_exact,mat,null,26,65612734.4860731,Feasible,0.062899796420989,3600,,
rssv_exact,mat,null,30,57539711.3399764,Feasible,0.073249120337965,3600,,
rssv_exact,mat,null,33,54023156.0630186,Feasible,0.164523985511463,3600,,
rssv_exact,mat,null,37,46712361.2504129,Feasible,0.10576104171473,3600,,
rssv_exact,mat,null,41,46590461.7094398,Feasible,0.174586945805178,3600,,
rssv_exact,mat,null,44,41040555.1283128,Feasible,0.032757578751634,3600,,
rssv_exact,mat,null,48,38431988.0407443,Feasible,0.018064405452918,3600,,
rssv_exact,mat,arrond,26,71929492.2225764,Feasible,0.054967678506296,3294.49058389664,,
rssv_exact,mat,arrond,30,61034667.5594825,Feasible,0.129900150089138,3296.39051604271,,
rssv_exact,mat,arrond,33,62856898.9853268,Feasible,0.327380671694529,3295.5419549942,,
rssv_exact,mat,arrond,37,56191300.3974523,Feasible,0.285081937317896,3294.30101299286,,
rssv_exact,mat,arrond,41,48749597.2025766,Feasible,0.249712242489141,3295.39596199989,,
rssv_exact,mat,arrond,44,44896317.2267646,Feasible,0.212161348784246,3294.38146400452,,
rssv_exact,mat,arrond,48,40294524.5664445,Feasible,0.079935055082322,3295.55305600166,,
rssv_exact,mat,EPCI,26,93955918.2548439,Feasible,0.042075362507346,3295.66732811928,,
rssv_exact,mat,EPCI,30,87321858.8504085,Feasible,0.079034677749398,3292.00312399864,,
rssv_exact,mat,EPCI,33,89247960.8693981,Feasible,0.074373185052373,3296.65108799934,,
rssv_exact,mat,EPCI,37,86958697.5250671,Feasible,0.030889508583009,3292.28845596313,,
rssv_exact,mat,EPCI,41,84829309.7819308,Feasible,0.02283641437013,3297.65175008774,,
rssv_exact,mat,EPCI,44,83481411.311133,Feasible,0.018476953156284,3311.26866292953,,
rssv_exact,mat,EPCI,48,83763159.7460086,Feasible,0.022544489286509,3297.05012083054,,
rssv_exact,mat,canton,26,66223964.8961379,Feasible,0.046572281651016,3294.78930497169,,
rssv_exact,mat,canton,30,61418832.4880733,Feasible,0.097894271523745,3294.40230488777,,
rssv_exact,mat,canton,33,57136376.4236367,Feasible,0.123744639759059,3299.95653486252,,
rssv_exact,mat,canton,37,53215803.6114308,Feasible,0.137064055614403,3292.32845115662,,
rssv_exact,mat,canton,41,52982797.3466311,Feasible,0.181204159022402,3295.32532906532,,
rssv_exact,mat,canton,44,46435286.5838234,Feasible,0.0897132525316,3312.62734508514,,
rssv_exact,mat,canton,48,49321048.4716096,Feasible,0.141148682887207,3289.26534700394,,
rssv_exact,mat,commune,26,67519242.7171198,Feasible,0.078952197821667,3288.79537701607,,
rssv_exact,mat,commune,30,60918474.1050736,Feasible,0.124400782287989,3291.5295689106,,
rssv_exact,mat,commune,33,58231944.4498747,Feasible,0.157496741524373,3288.53635811806,,
rssv_exact,mat,commune,37,52731483.4266175,Feasible,0.11597798687229,3289.22022199631,,
rssv_exact,mat,commune,41,50413283.1257595,Feasible,0.11399696338923,3283.27387809753,,
rssv_exact,mat,commune,44,49754868.6157763,Feasible,0.13383999465406,3289.14713406563,,
rssv_exact,mat,commune,48,46418804.7285903,Feasible,0.052408998370266,3287.04329800606,,
rssv_exact,urgenc,null,42,46843227.3337865,Feasible,0.092168913628872,3600,,
rssv_exact,urgenc,null,48,42675678.9614682,Feasible,0.078761919564974,3600,,
rssv_exact,urgenc,null,54,36899542.6051624,Feasible,0.005593912975986,3600,,
rssv_exact,urgenc,null,60,34534762.7350149,Feasible,0.000974269385199,3600,,
rssv_exact,urgenc,null,66,32762029.3463318,Feasible,0.001634695273607,3600,,
rssv_exact,urgenc,null,72,30944834.6910004,Feasible,0.002277160770119,3600,,
rssv_exact,urgenc,null,78,29444834.3303639,Feasible,0.002348855159108,3600,,
rssv_exact,urgenc,arrond,42,44161767.6873135,Feasible,0.038574797918552,3295.74736094475,,
rssv_exact,urgenc,arrond,48,42370758.0460316,Feasible,0.089409451892774,3294.53670692444,,
rssv_exact,urgenc,arrond,54,39608531.2015626,Feasible,0.084162879202847,3297.68853998184,,
rssv_exact,urgenc,arrond,60,35551582.8813848,Feasible,0.029242724625272,3292.40899705887,,
rssv_exact,urgenc,arrond,66,32951696.9657842,Feasible,0.008018521541365,3316.75208592415,,
rssv_exact,urgenc,arrond,72,31208450.7021961,Feasible,0.002455405182944,3310.52696204185,,
rssv_exact,urgenc,arrond,78,30683505.2587177,Feasible,0.005401222855251,3291.33012890816,,
rssv_exact,urgenc,EPCI,42,86106354.8356976,Feasible,0.031134854437409,3295.60335111618,,
rssv_exact,urgenc,EPCI,48,87761107.8611351,Feasible,0.055104057617884,3302.18669390678,,
rssv_exact,urgenc,EPCI,54,70026905.605762,Feasible,0.013372527219974,3305.23430490494,,
rssv_exact,urgenc,EPCI,60,46155888.1505729,Feasible,0.011114592609138,3304.97543001175,,
rssv_exact,urgenc,EPCI,66,37813680.6573105,Feasible,0.005884454912113,3308.68020105362,,
rssv_exact,urgenc,EPCI,72,34227477.5224755,Feasible,0.004190042435245,3313.06523513794,,
rssv_exact,urgenc,EPCI,78,31690960.7116559,Feasible,0.002511881465208,3316.79477596283,,
rssv_exact,urgenc,canton,42,53196031.0810349,Feasible,0.060704743635104,3292.0373301506,,
rssv_exact,urgenc,canton,48,50318173.8942727,Feasible,0.079942615940555,3291.06583094597,,
rssv_exact,urgenc,canton,54,48945365.1923601,Feasible,0.106929888605153,3293.74084091187,,
rssv_exact,urgenc,canton,60,44837178.4683536,Feasible,0.063164404413225,3301.50670599937,,
rssv_exact,urgenc,canton,66,41518593.1541708,Feasible,0.023386373414694,3285.93182611465,,
rssv_exact,urgenc,canton,72,40504867.5834236,Feasible,0.03718983541128,3299.53467011452,,
rssv_exact,urgenc,canton,78,37887809.4586212,Feasible,0.001910618918112,3317.39174318314,,
rssv_exact,urgenc,commune,42,54758227.7364966,Feasible,0.1484850023896,3292.15197587013,,
rssv_exact,urgenc,commune,48,48709237.9117001,Feasible,0.041096866455855,3288.27089500427,,
rssv_exact,urgenc,commune,54,45349743.4489799,Feasible,0.016245781815192,3290.83300113678,,
rssv_exact,urgenc,commune,60,45605896.8273594,Feasible,0.006551705675214,3288.60567879677,,
rssv_exact,urgenc,commune,66,41513086.3280674,Feasible,0.014826692776505,3288.82416200638,,
rssv_exact,urgenc,commune,72,40643013.735384,Feasible,0.006348051626372,3285.49591684341,,
rssv_exact,urgenc,commune,78,38834404.4847661,Feasible,0.004976434523805,3289.35998892784,,
rssv_exact,lycee,null,246,39667481.0471649,Feasible,0.000172744208899,3600,,
rssv_exact,lycee,null,281,36520591.410118,Optimal,0.000097360715724,2184.68094992638,,
rssv_exact,lycee,null,316,31353769.2945639,Optimal,0.000099424486618,2032.29182219505,,
rssv_exact,lycee,null,352,27245686.0388513,Optimal,0.000082263133492,1807.33020210266,,
rssv_exact,lycee,null,387,26537297.9696326,Optimal,0.000096969108119,931.339228153229,,
rssv_exact,lycee,null,422,25975686.4862816,Optimal,0.000099752999201,1362.9801158905,,
rssv_exact,lycee,null,457,25517981.0713459,Optimal,0.00009109414253,417.554728984833,,
rssv_exact,lycee,arrond,246,40682774.1102763,Feasible,0.000140974963697,3302.311439991,,
rssv_exact,lycee,arrond,281,36935791.9764897,Optimal,0.000099911774793,1817.19595503807,,
rssv_exact,lycee,arrond,316,31571339.9714529,Optimal,0.000099207652978,2665.0556268692,,
rssv_exact,lycee,arrond,352,27271261.5516691,Optimal,0.000097394302814,1733.28811693192,,
rssv_exact,lycee,arrond,387,26537598.9471521,Optimal,0.000079492187728,866.288951873779,,
rssv_exact,lycee,arrond,422,25975894.0200712,Optimal,0.000099693535665,1474.97752189636,,
rssv_exact,lycee,arrond,457,25517327.1211991,Optimal,0.000000270367405,1070.34767913818,,
rssv_exact,lycee,EPCI,246,39428622.6819825,Optimal,0.00004842705484,1569.67688798904,,
rssv_exact,lycee,EPCI,281,35248472.9834919,Feasible,0.000130121498682,3373.61187505722,,
rssv_exact,lycee,EPCI,316,31387796.9396243,Optimal,0.000099922883336,2743.92614507675,,
rssv_exact,lycee,EPCI,352,27271087.6909999,Optimal,0.000086358040875,1405.97416400909,,
rssv_exact,lycee,EPCI,387,26537306.1004605,Optimal,0.000093872765586,1002.68835401535,,
rssv_exact,lycee,EPCI,422,25975686.4862818,Optimal,0.00009888263905,1450.20058012009,,
rssv_exact,lycee,EPCI,457,25517914.7147414,Optimal,0.000070367024017,967.714418172836,,
rssv_exact,lycee,canton,246,39720187.8460729,Optimal,0.000091124629587,1973.29864215851,,
rssv_exact,lycee,canton,281,34347047.2243373,Optimal,0.00009378682978,527.232881069183,,
rssv_exact,lycee,canton,316,30296443.2335413,Optimal,0.000060730724936,1502.82074093819,,
rssv_exact,lycee,canton,352,27992965.7271354,Optimal,0.000099523798949,749.015474081039,,
rssv_exact,lycee,canton,387,27053799.9742615,Optimal,0.000099499338432,1420.91315293312,,
rssv_exact,lycee,canton,422,26324801.8791376,Optimal,0.000094996340157,1233.02197003365,,
rssv_exact,lycee,canton,457,25760763.34678,Optimal,0.000092566829761,375.65527009964,,
rssv_exact,lycee,commune,246,50791443.9014358,Optimal,0.000056996247801,571.494005918503,,
rssv_exact,lycee,commune,281,41837316.903944,Optimal,0.000093017839097,323.127520084381,,
rssv_exact,lycee,commune,316,38088132.8298981,Optimal,0.00004337535251,721.305217981339,,
rssv_exact,lycee,commune,352,36268788.269037,Optimal,0.000013699447653,943.741905927658,,
rssv_exact,lycee,commune,387,35895870.9245678,Optimal,0.000057606128734,780.809258937836,,
rssv_exact,lycee,commune,422,35612428.0970513,Optimal,0.000087219425779,350.42741894722,,
rssv_exact,lycee,commune,457,35402160.2728106,Optimal,0.000066545209807,431.343123912811,,
rssv_exact,poste,null,476,77586186.5533859,Optimal,0.000099783770055,1106.59789609909,,
rssv_exact,poste,null,544,76685115.1666766,Optimal,0.000059181654341,629.444697856903,,
rssv_exact,poste,null,612,76065352.9928549,Optimal,0.000051759963203,429.617215156555,,
rssv_exact,poste,null,681,75658244.6615212,Optimal,0.000022103155168,334.803302049637,,
rssv_exact,poste,null,749,75389646.1420871,Optimal,0.000025471350868,406.126991033554,,
rssv_exact,poste,null,817,75223538.0608871,Optimal,0.000066253619299,258.03724694252,,
rssv_exact,poste,null,855,75122716.7981765,Optimal,0.000041886526288,167.104943990707,,
rssv_exact,poste,arrond,476,77583619.7396125,Optimal,0.000064288404541,1045.29420590401,,
rssv_exact,poste,arrond,544,76686229.6814209,Optimal,0.000075263222825,899.170614957809,,
rssv_exact,poste,arrond,612,76066578.4054013,Optimal,0.000052347052228,839.212047815323,,
rssv_exact,poste,arrond,681,75658244.6615213,Optimal,0.000022087649333,253.963569879532,,
rssv_exact,poste,arrond,749,75389705.8532307,Optimal,0.000027049883183,421.146641016007,,
rssv_exact,poste,arrond,817,75225571.816153,Optimal,0.000092232806019,288.322588920593,,
rssv_exact,poste,arrond,855,75122765.713626,Optimal,0.000046870586995,254.446610927582,,
rssv_exact,poste,EPCI,476,77581663.9664978,Optimal,0.000036826172959,777.15796995163,,
rssv_exact,poste,EPCI,544,76687884.7700396,Optimal,0.000088218756021,839.163645029068,,
rssv_exact,poste,EPCI,612,76064741.7003939,Optimal,0.000041964607264,411.313290834427,,
rssv_exact,poste,EPCI,681,75658232.1917872,Optimal,0.000021953135919,398.584399938583,,
rssv_exact,poste,EPCI,749,75389788.5022954,Optimal,0.000027155536209,483.664156198502,,
rssv_exact,poste,EPCI,817,75226062.237109,Optimal,0.000098732637618,316.03990483284,,
rssv_exact,poste,EPCI,855,75124796.5951474,Optimal,0.000078536562187,224.72109913826,,
rssv_exact,poste,canton,476,77936147.467772,Optimal,0.000061830799903,1277.22318100929,,
rssv_exact,poste,canton,544,76894368.9198966,Optimal,0.000091659268918,389.893121004105,,
rssv_exact,poste,canton,612,76191624.0540859,Optimal,0.000075782264664,666.022518873215,,
rssv_exact,poste,canton,681,75734949.9785929,Optimal,0.000077173422511,406.432087898254,,
rssv_exact,poste,canton,749,75439446.2886499,Optimal,0.000029581604348,380.746613025665,,
rssv_exact,poste,canton,817,75249025.6402073,Optimal,0.000017636093428,368.778753042221,,
rssv_exact,poste,canton,855,75140712.2000611,Optimal,0.000068644227709,234.883181095123,,
rssv_exact,poste,commune,476,86473594.6268166,Optimal,0.000066246936131,344.655544996262,,
rssv_exact,poste,commune,544,86178481.9823044,Optimal,0.000086982496617,407.738034009934,,
rssv_exact,poste,commune,612,86049772.634319,Optimal,0.000096971138144,528.524393081665,,
rssv_exact,poste,commune,681,86001453.5802925,Optimal,0.000086334484482,383.019272089005,,
rssv_exact,poste,commune,749,85998732.3944552,Optimal,0.000086363300528,313.481973171234,,
rssv_exact,poste,commune,817,85997796.5305469,Optimal,0.000088805233333,230.175737142563,,
rssv_exact,poste,commune,855,85997216.9104794,Optimal,0.00008953321898,360.909904956818,,
exact,mat,kmeans_arrond,26,90872847.754048109054565,Feasible,0.225523896421494,3601.441071987152100,,
exact,mat,kmeans_arrond,30,73200561.286668062210083,Feasible,0.251925015615006,3601.182978153228760,,
exact,mat,kmeans_arrond,33,120254635.789270475506783,Feasible,0.567436694803877,3602.853021860122681,,
exact,mat,kmeans_arrond,37,57025644.737917967140675,Feasible,0.243212242620395,3601.352410793304443,,
exact,mat,kmeans_arrond,41,52671968.409922286868095,Feasible,0.219331114675079,3601.187741994857788,,
exact,mat,kmeans_arrond,44,54909348.632214933633804,Feasible,0.284076974054155,3604.537795066833496,,
exact,mat,kmeans_arrond,48,43008109.234185181558132,Feasible,0.142774088333447,3601.237919092178345,,
exact,mat,kmeans_EPCI,26,79072992.075526088476181,Feasible,0.122042660764062,3601.218733072280884,,
exact,mat,kmeans_EPCI,30,76137602.884121969342232,Feasible,0.094895066557403,3601.116226911544800,,
exact,mat,kmeans_EPCI,33,72328944.241488665342331,Feasible,0.075985697111261,3601.145534992218018,,
exact,mat,kmeans_EPCI,37,73307045.115932732820511,Feasible,0.080259659883470,3602.212616920471191,,
exact,mat,kmeans_EPCI,41,72297591.245535537600517,Feasible,0.072099123162733,3605.147659063339233,,
exact,mat,kmeans_EPCI,44,67874526.020077019929886,Feasible,0.013765820059975,3604.144277095794678,,
exact,mat,kmeans_EPCI,48,67361707.421666622161865,Feasible,0.010410614307792,3601.288950920104980,,
exact,mat,kmeans_canton,26,70628252.256230995059013,Feasible,0.176537754185210,3601.358035087585449,,
exact,mat,kmeans_canton,30,64543032.176587544381618,Feasible,0.204289828656253,3603.488929986953735,,
exact,mat,kmeans_canton,33,62562551.420405775308609,Feasible,0.217218693083518,3601.113391876220703,,
exact,mat,kmeans_canton,37,55386700.254916831851006,Feasible,0.124719355658125,3601.188861846923828,,
exact,mat,kmeans_canton,41,51494510.844355657696724,Feasible,0.115028907514739,3601.165152072906494,,
exact,mat,kmeans_canton,44,49132229.954694099724293,Feasible,0.106236166119521,3601.663307905197144,,
exact,mat,kmeans_canton,48,48649511.155459463596344,Feasible,0.110842277563635,3602.519621133804321,,
exact,mat,kmeans_commune,26,65450203.845621928572655,Feasible,0.093242436052033,3613.610913038253784,,
exact,mat,kmeans_commune,30,61044754.467104777693748,Feasible,0.179522116739498,3601.292158842086792,,
exact,mat,kmeans_commune,33,56850269.169586829841137,Feasible,0.188000882920350,3601.116218090057373,,
exact,mat,kmeans_commune,37,51255778.130158960819244,Feasible,0.277292846316403,3602.307687044143677,,
exact,mat,kmeans_commune,41,44791609.688189581036568,Feasible,0.103430621334255,3601.011004924774170,,
exact,mat,kmeans_commune,44,44383481.090388432145119,Feasible,0.128481068640277,3601.575833082199097,,
exact,mat,kmeans_commune,48,43319693.178185090422630,Feasible,0.142444132241128,3601.298727989196777,,
exact,urgenc,kmeans_arrond,42,47733901.770238488912582,Feasible,0.157850649462534,3601.382664918899536,,
exact,urgenc,kmeans_arrond,48,42390625.892011865973473,Feasible,0.083505075599695,3601.137037992477417,,
exact,urgenc,kmeans_arrond,54,40905806.827045843005180,Feasible,0.117707044964352,3601.167998075485229,,
exact,urgenc,kmeans_arrond,60,38456922.146289147436619,Feasible,0.127310787145566,3601.305545091629028,,
exact,urgenc,kmeans_arrond,66,35768789.087595030665398,Feasible,0.105909725735370,3603.436078071594238,,
exact,urgenc,kmeans_arrond,72,37531832.392021507024765,Feasible,0.202006017205427,3601.361144065856934,,
exact,urgenc,kmeans_arrond,78,33983482.550193652510643,Feasible,0.153789908006292,3601.011862993240356,,
exact,urgenc,kmeans_EPCI,42,72347311.219765648245811,Feasible,0.026283687825361,3601.080950021743774,,
exact,urgenc,kmeans_EPCI,48,70835374.641422078013420,Feasible,0.014119902109152,3607.462463140487671,,
exact,urgenc,kmeans_EPCI,54,55499480.158672131597996,Feasible,0.010160352953301,3636.498971939086914,,
exact,urgenc,kmeans_EPCI,60,44077715.059132859110832,Feasible,0.030835090556180,3601.196012973785400,,
exact,urgenc,kmeans_EPCI,66,38429517.666609913110733,Feasible,0.031311890081769,3601.352378129959106,,
exact,urgenc,kmeans_EPCI,72,34205315.428070649504662,Feasible,0.003799652739878,3631.715692996978760,,
exact,urgenc,kmeans_EPCI,78,31732431.667976744472980,Feasible,0.002256106545170,3611.807888031005859,,
exact,urgenc,kmeans_canton,42,51442929.136052004992962,Feasible,0.072193909871776,3601.135887145996094,,
exact,urgenc,kmeans_canton,48,50414823.143274754285812,Feasible,0.116123267471649,3601.274749994277954,,
exact,urgenc,kmeans_canton,54,46457168.585930287837982,Feasible,0.087800375292553,3601.199910879135132,,
exact,urgenc,kmeans_canton,60,42999332.579164706170559,Feasible,0.054116101290972,3602.225944995880127,,
exact,urgenc,kmeans_canton,66,42040308.946870714426041,Feasible,0.065583863679555,3612.476146936416626,,
exact,urgenc,kmeans_canton,72,40820846.449727080762386,Feasible,0.069501576110611,3601.505840063095093,,
exact,urgenc,kmeans_canton,78,38189335.500523664057255,Feasible,0.027626598370333,3601.285217046737671,,
exact,urgenc,kmeans_commune,42,47040227.225480929017067,Feasible,0.106364991593541,3601.154300928115845,,
exact,urgenc,kmeans_commune,48,39744330.082053378224373,Feasible,0.100802194213412,3601.336881875991821,,
exact,urgenc,kmeans_commune,54,36279722.317384287714958,Feasible,0.062438756238487,3600.850273847579956,,
exact,urgenc,kmeans_commune,60,44352042.787741862237453,Feasible,0.131963177970091,3614.826406002044678,,
exact,urgenc,kmeans_commune,66,34089234.064287200570107,Feasible,0.053645536450143,3601.269706010818481,,
exact,urgenc,kmeans_commune,72,31249590.320022925734520,Feasible,0.015987432866545,3601.388287067413330,,
exact,urgenc,kmeans_commune,78,31070118.777102008461952,Feasible,0.060915092071062,3601.731938838958740,,
exact,lycee,kmeans_arrond,246,30679244.373757258057594,Optimal,0.000097983148843,1077.721690893173218,,
exact,lycee,kmeans_arrond,281,29277588.002999536693096,Optimal,0.000099668593363,2736.386904001235962,,
exact,lycee,kmeans_arrond,316,28171352.404052451252937,Optimal,0.000099992094121,2487.160824060440063,,
exact,lycee,kmeans_arrond,352,27245686.038851082324982,Optimal,0.000096298839593,1325.250005006790161,,
exact,lycee,kmeans_arrond,387,26538695.356439065188169,Optimal,0.000093002405782,765.050482034683228,,
exact,lycee,kmeans_arrond,422,25975686.486281596124172,Optimal,0.000099359868755,764.929597139358521,,
exact,lycee,kmeans_arrond,457,25517548.193853802978992,Optimal,0.000075034481031,204.613900899887085,,
exact,lycee,kmeans_EPCI,246,42095922.863117933273315,Optimal,0.000099722399353,661.452844858169556,,
exact,lycee,kmeans_EPCI,281,37610631.173108115792274,Optimal,0.000081671625396,1032.993614912033081,,
exact,lycee,kmeans_EPCI,316,31673764.697546672075987,Optimal,0.000099911356868,2763.260818004608154,,
exact,lycee,kmeans_EPCI,352,27245399.855503905564547,Optimal,0.000099330632070,981.108663082122803,,
exact,lycee,kmeans_EPCI,387,26537486.464497786015272,Optimal,0.000099140720569,590.208310842514038,,
exact,lycee,kmeans_EPCI,422,25976025.230931192636490,Optimal,0.000099862400715,992.857212066650391,,
exact,lycee,kmeans_EPCI,457,25517327.121198888868093,Optimal,0.000049008058677,296.784744024276733,,
exact,lycee,kmeans_canton,246,0,0,0.000,0,,
exact,lycee,kmeans_canton,281,31506624.704890049993992,Optimal,0.000012313858336,462.467409133911133,,
exact,lycee,kmeans_canton,316,29521705.092193864285946,Optimal,0.000060737156301,179.156229019165039,,
exact,lycee,kmeans_canton,352,28091397.449455663561821,Optimal,0.000099292968178,888.526818990707397,,
exact,lycee,kmeans_canton,387,27076337.366889052093029,Optimal,0.000099848461135,1690.228402137756348,,
exact,lycee,kmeans_canton,422,26295644.961748786270618,Optimal,0.000096102753620,412.422013998031616,,
exact,lycee,kmeans_canton,457,25714079.725542191416025,Optimal,0.000096725848509,258.084378004074097,,
exact,lycee,kmeans_commune,246,42095922.863117933273315,Optimal,0.000099722399353,661.452844858169556,,
exact,lycee,kmeans_commune,281,37610631.173108115792274,Optimal,0.000081671625396,1032.993614912033081,,
exact,lycee,kmeans_commune,316,31673764.697546672075987,Optimal,0.000099911356868,2763.260818004608154,,
exact,lycee,kmeans_commune,352,27245399.855503905564547,Optimal,0.000099330632070,981.108663082122803,,
exact,lycee,kmeans_commune,387,26537486.464497786015272,Optimal,0.000099140720569,590.208310842514038,,
exact,lycee,kmeans_commune,422,25976025.230931192636490,Optimal,0.000099862400715,992.857212066650391,,
exact,lycee,kmeans_commune,457,25517327.121198888868093,Optimal,0.000049008058677,296.784744024276733,,
exact,poste,kmeans_arrond,476,77585780.222649514675140,Optimal,0.000094174074830,518.823647022247314,,
exact,poste,kmeans_arrond,544,76685710.726723089814186,Optimal,0.000074414144456,218.285165071487427,,
exact,poste,kmeans_arrond,612,76064307.211255595088005,Optimal,0.000061726428309,214.456835985183716,,
exact,poste,kmeans_arrond,681,75658431.628766685724258,Optimal,0.000036877459428,207.050607919692993,,
exact,poste,kmeans_arrond,749,75389650.731156840920448,Optimal,0.000025807982642,210.051123142242432,,
exact,poste,kmeans_arrond,817,75220416.496932476758957,Optimal,0.000018680667826,178.019052982330322,,
exact,poste,kmeans_arrond,855,75125163.273535177111626,Optimal,0.000075675005196,139.168130874633789,,
exact,poste,kmeans_EPCI,476,77585770.034125119447708,Optimal,0.000065225552086,576.621836900711060,,
exact,poste,kmeans_EPCI,544,76686737.380181834101677,Optimal,0.000072402300224,405.150349855422974,,
exact,poste,kmeans_EPCI,612,76068972.814493447542191,Optimal,0.000099473445526,207.518458127975464,,
exact,poste,kmeans_EPCI,681,75658407.852259218692780,Optimal,0.000024338573651,224.377013921737671,,
exact,poste,kmeans_EPCI,749,75389646.142086848616600,Optimal,0.000024772203523,211.933813095092773,,
exact,poste,kmeans_EPCI,817,75220399.415852010250092,Optimal,0.000018685034952,171.486802101135254,,
exact,poste,kmeans_EPCI,855,75122386.209842041134834,Optimal,0.000024468441533,162.458540916442871,,
exact,poste,kmeans_canton,476,77906527.533413603901863,Optimal,0.000070036712269,561.375889062881470,,
exact,poste,kmeans_canton,544,76842171.305482327938080,Optimal,0.000078675290362,360.593248128890991,,
exact,poste,kmeans_canton,612,76138340.771504864096642,Optimal,0.000089336645510,220.829169988632202,,
exact,poste,kmeans_canton,681,75687742.720506638288498,Optimal,0.000059078916339,207.706173896789551,,
exact,poste,kmeans_canton,749,75402819.106890469789505,Optimal,0.000023705146921,178.463705062866211,,
exact,poste,kmeans_canton,817,75223854.036617457866669,Optimal,0.000005463770814,175.613177776336670,,
exact,poste,kmeans_canton,855,75128493.212584972381592,Optimal,0.000085730196005,136.746774911880493,,
exact,poste,kmeans_commune,476,79731768.959551870822906,Optimal,0.000099878476651,355.527804136276245,,
exact,poste,kmeans_commune,544,79084799.513840004801750,Optimal,0.000076770008760,235.394783020019531,,
exact,poste,kmeans_commune,612,78697969.811052769422531,Optimal,0.000061829996994,161.556797981262207,,
exact,poste,kmeans_commune,681,78456555.859915435314178,Optimal,0.000085593761752,162.342393159866333,,
exact,poste,kmeans_commune,749,78325459.394851893186569,Optimal,0.000062102523383,136.318495988845825,,
exact,poste,kmeans_commune,817,78258044.488756462931633,Optimal,0.000060730212329,123.850484848022461,,
exact,poste,kmeans_commune,855,78233270.039807647466660,Optimal,0.000088616541725,127.418113946914673,,
rssv_exact,mat,kmeans_arrond,26,80749915.013656318187714,Feasible,0.044401401230016,3296.915031909942627,,
rssv_exact,mat,kmeans_arrond,30,64571453.474273711442947,Feasible,0.057260236029362,3295.971127033233643,,
rssv_exact,mat,kmeans_arrond,33,60397589.409571364521980,Feasible,0.090991112395196,3296.750233888626099,,
rssv_exact,mat,kmeans_arrond,37,50667193.426121324300766,Feasible,0.053256080967711,3295.239451885223389,,
rssv_exact,mat,kmeans_arrond,41,49254556.678917557001114,Feasible,0.127216012137932,3295.124765157699585,,
rssv_exact,mat,kmeans_arrond,44,43392411.746509931981564,Feasible,0.081264520295879,3296.066338062286377,,
rssv_exact,mat,kmeans_arrond,48,38831657.055688008666039,Feasible,0.016898068778031,3308.588224887847900,,
rssv_exact,mat,kmeans_EPCI,26,77995521.584394663572311,Feasible,0.047401064381806,3295.612668037414551,,
rssv_exact,mat,kmeans_EPCI,30,74144267.760622471570969,Feasible,0.041146689185899,3296.696012020111084,,
rssv_exact,mat,kmeans_EPCI,33,73284460.932877302169800,Feasible,0.037855199991379,3320.333336114883423,,
rssv_exact,mat,kmeans_EPCI,37,71920792.615071907639503,Feasible,0.034428833266394,3296.765382051467896,,
rssv_exact,mat,kmeans_EPCI,41,69355653.510580569505692,Feasible,0.010916407959125,3297.833982944488525,,
rssv_exact,mat,kmeans_EPCI,44,69635636.368169724941254,Feasible,0.001043661788266,3305.446694850921631,,
rssv_exact,mat,kmeans_EPCI,48,67955980.803846672177315,Feasible,0.001012632483977,3305.427103042602539,,
rssv_exact,mat,kmeans_canton,26,68292428.253780722618103,Feasible,0.060886570905721,3293.004585027694702,,
rssv_exact,mat,kmeans_canton,30,59827431.428865291178226,Feasible,0.066214835454390,3295.340097188949585,,
rssv_exact,mat,kmeans_canton,33,56940753.647506117820740,Feasible,0.062309434253615,3294.769081115722656,,
rssv_exact,mat,kmeans_canton,37,52962619.212425701320171,Feasible,0.061171833630078,3296.563953876495361,,
rssv_exact,mat,kmeans_canton,41,50326065.712155625224113,Feasible,0.051809360461058,3299.702567100524902,,
rssv_exact,mat,kmeans_canton,44,48515902.814093247056007,Feasible,0.049287399817804,3293.796998977661133,,
rssv_exact,mat,kmeans_canton,48,47169285.690345585346222,Feasible,0.062869521990600,3294.810353040695190,,
rssv_exact,mat,kmeans_commune,26,66930446.761098980903625,Feasible,0.073066706558342,3293.740267038345337,,
rssv_exact,mat,kmeans_commune,30,62206647.426198229193687,Feasible,0.146974258899777,3287.687263011932373,,
rssv_exact,mat,kmeans_commune,33,52843373.144699111580849,Feasible,0.050863630596619,3290.594597816467285,,
rssv_exact,mat,kmeans_commune,37,52140454.592670179903507,Feasible,0.191805250705536,3292.419404029846191,,
rssv_exact,mat,kmeans_commune,41,45879328.404027417302132,Feasible,0.086971630939404,3291.778742074966431,,
rssv_exact,mat,kmeans_commune,44,46947004.483802758157253,Feasible,0.076933518101460,3290.744232177734375,,
rssv_exact,mat,kmeans_commune,48,41988536.140107795596123,0,0.079533769739606,3318.346791982650757,,
rssv_exact,urgenc,kmeans_arrond,42,48787308.575038775801659,Feasible,0.107300112683312,3294.722137928009033,,
rssv_exact,urgenc,kmeans_arrond,48,40095834.838652752339840,Feasible,0.003520896286552,3319.258862018585205,,
rssv_exact,urgenc,kmeans_arrond,54,39933090.084935292601585,Feasible,0.077969142384733,3293.777991056442261,,
rssv_exact,urgenc,kmeans_arrond,60,34854852.393901303410530,Feasible,0.001580185695740,3293.810297012329102,,
rssv_exact,urgenc,kmeans_arrond,66,32901714.082473579794168,Feasible,0.002132043633397,3341.786859035491943,,
rssv_exact,urgenc,kmeans_arrond,72,30971997.548428274691105,Feasible,0.001358869046766,3305.437307834625244,,
rssv_exact,urgenc,kmeans_arrond,78,29568363.809402946382761,Feasible,0.001235903889071,3303.385877132415771,,
rssv_exact,urgenc,kmeans_EPCI,42,74167737.842171162366867,Feasible,0.029651091017148,3300.010523080825806,,
rssv_exact,urgenc,kmeans_EPCI,48,73395639.368497177958488,Feasible,0.006917962786287,3305.253067970275879,,
rssv_exact,urgenc,kmeans_EPCI,54,55738479.160446807742119,Feasible,0.007656215456844,3305.499305963516235,,
rssv_exact,urgenc,kmeans_EPCI,60,43796657.056433998048306,Feasible,0.004026995228911,3315.299917936325073,,
rssv_exact,urgenc,kmeans_EPCI,66,37627512.421775616705418,Feasible,0.001426754816625,3304.113950967788696,,
rssv_exact,urgenc,kmeans_EPCI,72,34350377.456737674772739,Feasible,0.001248950544494,3305.379243850708008,,
rssv_exact,urgenc,kmeans_EPCI,78,31956523.423965945839882,Feasible,0.001951317335927,3303.872924089431763,,
rssv_exact,urgenc,kmeans_canton,42,49631371.011966511607170,Feasible,0.010072962863331,3303.415182828903198,,
rssv_exact,urgenc,kmeans_canton,48,45919600.012070409953594,Feasible,0.001205302422316,3321.593265056610107,,
rssv_exact,urgenc,kmeans_canton,54,43734373.858979329466820,Feasible,0.010164093199777,3298.810523033142090,,
rssv_exact,urgenc,kmeans_canton,60,41875900.578047290444374,Feasible,0.006803200661422,3291.967710971832275,,
rssv_exact,urgenc,kmeans_canton,66,40343567.092899352312088,Feasible,0.005642127846981,3297.957355022430420,,
rssv_exact,urgenc,kmeans_canton,72,38875047.159588672220707,Feasible,0.005457775004780,3309.177385091781616,,
rssv_exact,urgenc,kmeans_canton,78,37767078.934333682060242,Feasible,0.002490792188620,3304.323956966400146,,
rssv_exact,urgenc,kmeans_commune,42,49215448.750067934393883,Feasible,0.005127356271897,3292.808262109756470,,
rssv_exact,urgenc,kmeans_commune,48,49024693.593918278813362,Feasible,0.029266388015202,3291.772093057632446,,
rssv_exact,urgenc,kmeans_commune,54,36879524.687845386564732,Feasible,0.004052824020939,3292.099169015884399,,
rssv_exact,urgenc,kmeans_commune,60,39443060.334678947925568,Feasible,0.001874205488948,3321.032073974609375,,
rssv_exact,urgenc,kmeans_commune,66,39543277.174146071076393,Feasible,0.001808362361423,3295.456525087356567,,
rssv_exact,urgenc,kmeans_commune,72,32198648.446744687855244,Feasible,0.001368131684900,3309.535305976867676,,
rssv_exact,urgenc,kmeans_commune,78,32527972.346281118690968,Feasible,0.001111841397934,3295.615554094314575,,
rssv_exact,lycee,kmeans_arrond,246,42095922.863117933273315,Optimal,0.000099722399353,661.452844858169556,,
rssv_exact,lycee,kmeans_arrond,281,37610631.173108115792274,Optimal,0.000081671625396,1032.993614912033081,,
rssv_exact,lycee,kmeans_arrond,316,31673764.697546672075987,Optimal,0.000099911356868,2763.260818004608154,,
rssv_exact,lycee,kmeans_arrond,352,27245399.855503905564547,Optimal,0.000099330632070,981.108663082122803,,
rssv_exact,lycee,kmeans_arrond,387,26537486.464497786015272,Optimal,0.000099140720569,590.208310842514038,,
rssv_exact,lycee,kmeans_arrond,422,25976025.230931192636490,Optimal,0.000099862400715,992.857212066650391,,
rssv_exact,lycee,kmeans_arrond,457,25517327.121198888868093,Optimal,0.000049008058677,296.784744024276733,,
rssv_exact,lycee,kmeans_EPCI,246,39359880.982744894921780,Optimal,0.000098401900177,1318.914618015289307,,
rssv_exact,lycee,kmeans_EPCI,281,36854919.209408596158028,Optimal,0.000099390853591,1229.503861904144287,,
rssv_exact,lycee,kmeans_EPCI,316,31712239.032190922647715,Optimal,0.000098801097374,1057.964223861694336,,
rssv_exact,lycee,kmeans_EPCI,352,27283511.417733684182167,Optimal,0.000095647031300,789.643271923065186,,
rssv_exact,lycee,kmeans_EPCI,387,26545271.771679669618607,Optimal,0.000060225848718,654.745465040206909,,
rssv_exact,lycee,kmeans_EPCI,422,25977025.361094191670418,Optimal,0.000099676309924,736.434357881546021,,
rssv_exact,lycee,kmeans_EPCI,457,25517327.121199131011963,Optimal,0.000049301216077,297.580229997634888,,
rssv_exact,lycee,kmeans_canton,246,40496776.022061891853809,Feasible,0.000355313366846,3303.492323875427246,,
rssv_exact,lycee,kmeans_canton,281,36583290.453176990151405,Optimal,0.000099391161407,802.085743904113770,,
rssv_exact,lycee,kmeans_canton,316,31715932.062285669147968,Optimal,0.000098613771499,707.222812891006470,,
rssv_exact,lycee,kmeans_canton,352,28184614.510810747742653,Optimal,0.000099937991322,1353.641317129135132,,
rssv_exact,lycee,kmeans_canton,387,27076306.505274474620819,Optimal,0.000099983590725,1536.047758817672729,,
rssv_exact,lycee,kmeans_canton,422,26295845.865065634250641,Optimal,0.000095196059133,628.906566143035889,,
rssv_exact,lycee,kmeans_canton,457,25714134.383651740849018,Optimal,0.000096612395347,542.089514017105103,,
rssv_exact,lycee,kmeans_commune,246,43619041.600619822740555,Optimal,0.000096609986761,1048.719947814941406,,
rssv_exact,lycee,kmeans_commune,281,36918879.899425387382507,Optimal,0.000076256538960,704.696043968200684,,
rssv_exact,lycee,kmeans_commune,316,33774989.606691896915436,Optimal,0.000093018924393,731.360233068466187,,
rssv_exact,lycee,kmeans_commune,352,30776818.081773497164249,Optimal,0.000075325635679,504.956656932830811,,
rssv_exact,lycee,kmeans_commune,387,30190971.396904796361923,Optimal,0.000081337082611,429.501320123672485,,
rssv_exact,lycee,kmeans_commune,422,29740488.963464364409447,Optimal,0.000067515717001,400.695082902908325,,
rssv_exact,lycee,kmeans_commune,457,29370106.154759578406811,Optimal,0.000007879484155,394.375535011291504,,
rssv_exact,poste,kmeans_arrond,476,77583619.739612475037575,Optimal,0.000062496104463,637.043745994567871,,
rssv_exact,poste,kmeans_arrond,544,76686901.219592779874802,Optimal,0.000085810350772,428.179621934890747,,
rssv_exact,poste,kmeans_arrond,612,76065908.921235412359238,Optimal,0.000066649074256,204.447458982467651,,
rssv_exact,poste,kmeans_arrond,681,75658685.541326135396957,Optimal,0.000037668217997,255.022534132003784,,
rssv_exact,poste,kmeans_arrond,749,75389788.502295002341270,Optimal,0.000027094456931,201.715521097183228,,
rssv_exact,poste,kmeans_arrond,817,75223538.060887098312378,Optimal,0.000065335239241,157.829515933990479,,
rssv_exact,poste,kmeans_arrond,855,75122765.713625892996788,Optimal,0.000047674016657,110.656209945678711,,
rssv_exact,poste,kmeans_EPCI,476,77587668.571367233991623,Optimal,0.000099176033256,538.299934148788452,,
rssv_exact,poste,kmeans_EPCI,544,76685659.154312476515770,Optimal,0.000080371472353,220.921047925949097,,
rssv_exact,poste,kmeans_EPCI,612,76064382.857913255691528,Optimal,0.000042992380524,230.828387022018433,,
rssv_exact,poste,kmeans_EPCI,681,75658241.075003147125244,Optimal,0.000021957321373,220.069182872772217,,
rssv_exact,poste,kmeans_EPCI,749,75389788.502295002341270,Optimal,0.000027011325841,220.911372900009155,,
rssv_exact,poste,kmeans_EPCI,817,75223538.060887128114700,Optimal,0.000065179825495,160.961361885070801,,
rssv_exact,poste,kmeans_EPCI,855,75124296.874231606721878,Optimal,0.000063407923376,114.499728202819824,,
rssv_exact,poste,kmeans_canton,476,77908906.049542203545570,Optimal,0.000091622787262,673.736063003540039,,
rssv_exact,poste,kmeans_canton,544,76842171.305482700467110,Optimal,0.000061801721655,468.611059904098511,,
rssv_exact,poste,kmeans_canton,612,76135293.486577391624451,Optimal,0.000040732937191,171.261402130126953,,
rssv_exact,poste,kmeans_canton,681,75688133.410208269953728,Optimal,0.000059050222080,200.920830011367798,,
rssv_exact,poste,kmeans_canton,749,75404478.017763003706932,Optimal,0.000050712227774,188.230993032455444,,
rssv_exact,poste,kmeans_canton,817,75230961.169319838285446,Optimal,0.000099995692618,164.406437158584595,,
rssv_exact,poste,kmeans_canton,855,75128162.028928756713867,Optimal,0.000096995449774,103.104450941085815,,
rssv_exact,poste,kmeans_commune,476,79731841.467771857976913,Optimal,0.000068373542447,378.156862974166870,,
rssv_exact,poste,kmeans_commune,544,79084087.635152444243431,Optimal,0.000065941953896,209.745098829269409,,
rssv_exact,poste,kmeans_commune,612,78698472.539812743663788,Optimal,0.000079510544298,151.726001024246216,,
rssv_exact,poste,kmeans_commune,681,78456722.810075551271439,Optimal,0.000081435899205,142.968565940856934,,
rssv_exact,poste,kmeans_commune,749,78323947.830098256468773,Optimal,0.000073808823327,124.636960983276367,,
rssv_exact,poste,kmeans_commune,817,78258328.530447095632553,Optimal,0.000056221828746,107.950046062469482,,
rssv_exact,poste,kmeans_commune,855,78233266.994473323225975,Optimal,0.000093520561751,116.640846014022827,,
